Level,Channels,BPP_Before,PSNR_Before,MSE_Before,MSSSIM_Before,MSSSIM_DB_Before,BPP_After,PSNR_After,MSE_After,MSSSIM_After,MSSSIM_DB_After
0,192,4.129408705234527,40.89935468037923,8.568498941702956,0.9973395744959513,26.46975221633911,4.269709201653798,41.34783201217651,8.074885347946292,0.9976422558228175,27.124784406026205
1,144,3.081778065363566,38.908759625752765,14.10042326953544,0.9957980761925379,24.592435836791992,3.179089375336965,39.10239267349243,13.683411202721345,0.9960471818844477,24.93111775716146
2,96,2.090851718187332,36.64225355784098,24.03209301966399,0.9927903523047765,22.334329843521118,2.144892998536428,36.73961375554403,23.641104205048578,0.993025541305542,22.526641178131104
3,72,1.5984864751497905,35.15427567164103,33.72814472664231,0.9895762244860331,20.750628662109374,1.6317240516344707,35.273934332529706,33.18178971010411,0.9898424545923868,20.906252288818358
4,48,1.0917142570018767,33.48850711186727,49.33203453643273,0.9839443077643713,18.898766644795735,1.1068907797336578,33.57664438883464,48.71689251269345,0.9842778186003367,19.02377112706502
